[{"pk": 1, "model": "survey.survey", "fields": {"closes": "2013-11-30T16:13:36Z", "editable_by": 1, "description": "Understand how people eat healthy.", "title": "EatingHealthy", "restricted": false, "allows_multiple_interviews": false, "created_by": 1, "public": false, "visible": true, "recipient_id": 1, "recipient_type": 56, "template_name": "", "slug": "eatinghealthy", "opens": "2012-11-30T16:13:33Z"}}, {"pk": 1, "model": "survey.question", "fields": {"_order": 0, "text": "Would you eat out more if you knew what was in your food?", "image": "", "required": true, "choice_num_min": 1, "choice_num_max": 3, "survey": 1, "qstyle": "", "qtype": "R", "order": 1}}, {"pk": 2, "model": "survey.question", "fields": {"_order": 1, "text": "What types of allergies are you or your household affected by?", "image": "", "required": true, "choice_num_min": null, "choice_num_max": null, "survey": 1, "qstyle": "", "qtype": "C", "order": 2}}, {"pk": 3, "model": "survey.question", "fields": {"_order": 2, "text": "What diets (if any) are you or your household members following?", "image": "", "required": true, "choice_num_min": null, "choice_num_max": null, "survey": 1, "qstyle": "", "qtype": "C", "order": 3}}, {"pk": 4, "model": "survey.question", "fields": {"_order": 3, "text": "Do you or your household members restrict your red meat or poultry consumption?", "image": "", "required": true, "choice_num_min": null, "choice_num_max": 5, "survey": 1, "qstyle": "", "qtype": "R", "order": 4}}, {"pk": 5, "model": "survey.question", "fields": {"_order": 4, "text": "Does your household have any cultural or religious food restrictions?", "image": "", "required": true, "choice_num_min": null, "choice_num_max": null, "survey": 1, "qstyle": "", "qtype": "C", "order": 6}}, {"pk": 6, "model": "survey.question", "fields": {"_order": 5, "text": "On average, how often do you eat at restaurants?", "image": "", "required": true, "choice_num_min": 1, "choice_num_max": 5, "survey": 1, "qstyle": "", "qtype": "R", "order": 7}}, {"pk": 7, "model": "survey.question", "fields": {"_order": 6, "text": "What services do you use to find restaurants?", "image": "", "required": true, "choice_num_min": null, "choice_num_max": null, "survey": 1, "qstyle": "", "qtype": "C", "order": 8}}, {"pk": 8, "model": "survey.question", "fields": {"_order": 7, "text": "Do you feel that it's difficult to eat food that match your diet when you go out?", "image": "", "required": true, "choice_num_min": null, "choice_num_max": null, "survey": 1, "qstyle": "", "qtype": "R", "order": 8}}, {"pk": 9, "model": "survey.question", "fields": {"_order": 8, "text": "We will use the anonymized results of this survey to help communicate with merchants in your area. Want to know more? Leave us your e-mail and we'll be in touch.", "image": "", "required": true, "choice_num_min": null, "choice_num_max": null, "survey": 1, "qstyle": "", "qtype": "T", "order": 10}}, {"pk": 10, "model": "survey.question", "fields": {"_order": 9, "text": "What cities  or neighborhoods do you typically go out to eat in (put one name per line).", "image": "", "required": true, "choice_num_min": null, "choice_num_max": null, "survey": 1, "qstyle": "", "qtype": "A", "order": 9}}, {"pk": 39, "model": "survey.choice", "fields": {"text": "Yes, but I don't care about the nutritional value of food when I'm out.", "image": "", "_order": 0, "question": 8, "order": 1}}, {"pk": 31, "model": "survey.choice", "fields": {"text": "Foursquare", "image": "", "_order": 0, "question": 7, "order": null}}, {"pk": 26, "model": "survey.choice", "fields": {"text": "Nearly Daily", "image": "", "_order": 0, "question": 6, "order": 1}}, {"pk": 24, "model": "survey.choice", "fields": {"text": "Kosher", "image": "", "_order": 0, "question": 5, "order": 1}}, {"pk": 1, "model": "survey.choice", "fields": {"text": "Absolutely!", "image": "", "_order": 0, "question": 1, "order": 1}}, {"pk": 11, "model": "survey.choice", "fields": {"text": "Low Trans-fat", "image": "", "_order": 0, "question": 3, "order": null}}, {"pk": 3, "model": "survey.choice", "fields": {"text": "Peanuts", "image": "", "_order": 0, "question": 2, "order": null}}, {"pk": 19, "model": "survey.choice", "fields": {"text": "Yes, we're vegan", "image": "", "_order": 0, "question": 4, "order": 1}}, {"pk": 12, "model": "survey.choice", "fields": {"text": "Low Carb", "image": "", "_order": 1, "question": 3, "order": null}}, {"pk": 1, "model": "survey.choice", "fields": {"text": "Menupages", "image": "", "_order": 1, "question": 7, "order": null}}, {"pk": 40, "model": "survey.choice", "fields": {"text": "No, but it would be helpful knowing what the nutritional value of the food I'm eating is.", "image": "", "_order": 1, "question": 8, "order": 3}}, {"pk": 4, "model": "survey.choice", "fields": {"text": "Tree nuts (including Brazil nuts, hazelnuts, almonds, and walnuts)", "image": "", "_order": 1, "question": 2, "order": null}}, {"pk": 2, "model": "survey.choice", "fields": {"text": "No, I don't care what's in my food.", "image": "", "_order": 1, "question": 1, "order": 2}}, {"pk": 27, "model": "survey.choice", "fields": {"text": "Weekly", "image": "", "_order": 1, "question": 6, "order": 2}}, {"pk": 20, "model": "survey.choice", "fields": {"text": "Yes, we're vegetarian", "image": "", "_order": 1, "question": 4, "order": 2}}, {"pk": 25, "model": "survey.choice", "fields": {"text": "Halal", "image": "", "_order": 1, "question": 5, "order": 2}}, {"pk": 21, "model": "survey.choice", "fields": {"text": "Sometimes, we're flexitarian", "image": "", "_order": 2, "question": 4, "order": 3}}, {"pk": 5, "model": "survey.choice", "fields": {"text": "Wheat", "image": "", "_order": 2, "question": 2, "order": null}}, {"pk": 13, "model": "survey.choice", "fields": {"text": "Low Fat", "image": "", "_order": 2, "question": 3, "order": null}}, {"pk": 41, "model": "survey.choice", "fields": {"text": "Yes, and knowing what the nutritional value of the food I'm eating would be useful.", "image": "", "_order": 2, "question": 8, "order": 2}}, {"pk": 43, "model": "survey.choice", "fields": {"text": "Other", "image": "", "_order": 2, "question": 5, "order": 3}}, {"pk": 28, "model": "survey.choice", "fields": {"text": "Bi-weekly", "image": "", "_order": 2, "question": 6, "order": 3}}, {"pk": 35, "model": "survey.choice", "fields": {"text": "Urbanspoon", "image": "", "_order": 3, "question": 7, "order": null}}, {"pk": 42, "model": "survey.choice", "fields": {"text": "No, and I don't care to know about nutritional value of food when I'm out.", "image": "", "_order": 3, "question": 8, "order": 4}}, {"pk": 14, "model": "survey.choice", "fields": {"text": "Low Sodium", "image": "", "_order": 3, "question": 3, "order": null}}, {"pk": 22, "model": "survey.choice", "fields": {"text": "Yes, we're pescetarian", "image": "", "_order": 3, "question": 4, "order": 4}}, {"pk": 29, "model": "survey.choice", "fields": {"text": "Monthly", "image": "", "_order": 3, "question": 6, "order": 4}}, {"pk": 6, "model": "survey.choice", "fields": {"text": "Fish", "image": "", "_order": 3, "question": 2, "order": null}}, {"pk": 34, "model": "survey.choice", "fields": {"text": "Yelp", "image": "", "_order": 3, "question": 7, "order": null}}, {"pk": 15, "model": "survey.choice", "fields": {"text": "Low Calorie", "image": "", "_order": 4, "question": 3, "order": null}}, {"pk": 7, "model": "survey.choice", "fields": {"text": "Eggs", "image": "", "_order": 4, "question": 2, "order": null}}, {"pk": 30, "model": "survey.choice", "fields": {"text": "Couple of times a year / special occasions", "image": "", "_order": 4, "question": 6, "order": 5}}, {"pk": 36, "model": "survey.choice", "fields": {"text": "References from friends and family", "image": "", "_order": 4, "question": 7, "order": null}}, {"pk": 23, "model": "survey.choice", "fields": {"text": "No, we eat red meat and poultry", "image": "", "_order": 4, "question": 4, "order": 5}}, {"pk": 8, "model": "survey.choice", "fields": {"text": "Soy", "image": "", "_order": 5, "question": 2, "order": null}}, {"pk": 37, "model": "survey.choice", "fields": {"text": "Newspapers (e.g. New York Times Dining section)", "image": "", "_order": 5, "question": 7, "order": null}}, {"pk": 16, "model": "survey.choice", "fields": {"text": "High Protein", "image": "", "_order": 5, "question": 3, "order": null}}, {"pk": 38, "model": "survey.choice", "fields": {"text": "None", "image": "", "_order": 6, "question": 7, "order": null}}, {"pk": 17, "model": "survey.choice", "fields": {"text": "High Fiber", "image": "", "_order": 6, "question": 3, "order": null}}, {"pk": 9, "model": "survey.choice", "fields": {"text": "Sesame", "image": "", "_order": 6, "question": 2, "order": null}}, {"pk": 18, "model": "survey.choice", "fields": {"text": "Paleo Diet", "image": "", "_order": 7, "question": 3, "order": null}}, {"pk": 10, "model": "survey.choice", "fields": {"text": "Shellfish", "image": "", "_order": 7, "question": 2, "order": null}}, {"pk": 151, "model": "survey.answer", "fields": {"submission_date": "2012-12-06T13:54:06.401Z", "session_key": "d7a3b3238053fe622ffc08423f71eb78", "text": "No, I don't care what's in my food.", "question": 1, "user": null, "interview_uuid": "d4b5abb5ffd6442985fbc23cf7f556cb"}}, {"pk": 152, "model": "survey.answer", "fields": {"submission_date": "2012-12-06T13:54:06.426Z", "session_key": "d7a3b3238053fe622ffc08423f71eb78", "text": "Peanuts", "question": 2, "user": null, "interview_uuid": ""}}, {"pk": 153, "model": "survey.answer", "fields": {"submission_date": "2012-12-06T13:54:06.434Z", "session_key": "d7a3b3238053fe622ffc08423f71eb78", "text": "Fish", "question": 2, "user": null, "interview_uuid": ""}}, {"pk": 154, "model": "survey.answer", "fields": {"submission_date": "2012-12-06T13:54:06.443Z", "session_key": "d7a3b3238053fe622ffc08423f71eb78", "text": "Low Carb", "question": 3, "user": null, "interview_uuid": ""}}, {"pk": 155, "model": "survey.answer", "fields": {"submission_date": "2012-12-06T13:54:06.451Z", "session_key": "d7a3b3238053fe622ffc08423f71eb78", "text": "Yes, we're pescetarian", "question": 4, "user": null, "interview_uuid": "d4b5abb5ffd6442985fbc23cf7f556cb"}}, {"pk": 156, "model": "survey.answer", "fields": {"submission_date": "2012-12-06T13:54:06.460Z", "session_key": "d7a3b3238053fe622ffc08423f71eb78", "text": "Kosher", "question": 5, "user": null, "interview_uuid": ""}}, {"pk": 157, "model": "survey.answer", "fields": {"submission_date": "2012-12-06T13:54:06.468Z", "session_key": "d7a3b3238053fe622ffc08423f71eb78", "text": "Bi-weekly", "question": 6, "user": null, "interview_uuid": "d4b5abb5ffd6442985fbc23cf7f556cb"}}, {"pk": 158, "model": "survey.answer", "fields": {"submission_date": "2012-12-06T13:54:06.476Z", "session_key": "d7a3b3238053fe622ffc08423f71eb78", "text": "Yelp", "question": 7, "user": null, "interview_uuid": ""}}, {"pk": 159, "model": "survey.answer", "fields": {"submission_date": "2012-12-06T13:54:06.485Z", "session_key": "d7a3b3238053fe622ffc08423f71eb78", "text": "None", "question": 7, "user": null, "interview_uuid": ""}}, {"pk": 160, "model": "survey.answer", "fields": {"submission_date": "2012-12-06T13:54:06.493Z", "session_key": "d7a3b3238053fe622ffc08423f71eb78", "text": "Yes, and knowing what the nutritional value of the food I'm eating would be useful.", "question": 8, "user": null, "interview_uuid": "d4b5abb5ffd6442985fbc23cf7f556cb"}}, {"pk": 161, "model": "survey.answer", "fields": {"submission_date": "2012-12-06T13:54:06.501Z", "session_key": "d7a3b3238053fe622ffc08423f71eb78", "text": "matt zoufaly", "question": 10, "user": null, "interview_uuid": "d4b5abb5ffd6442985fbc23cf7f556cb"}}, {"pk": 162, "model": "survey.answer", "fields": {"submission_date": "2012-12-06T13:54:06.514Z", "session_key": "d7a3b3238053fe622ffc08423f71eb78", "text": "mattzouf@gmail.com", "question": 9, "user": null, "interview_uuid": "d4b5abb5ffd6442985fbc23cf7f556cb"}}]
